id,upazila,union
1,Jhenaidah Sadar,Jhenaidah Pouroshova
2,Jhenaidah Sadar,Jhenaidah Pouroshova
3,Jhenaidah Sadar,Jhenaidah Pouroshova
4,Jhenaidah Sadar,Jhenaidah Pouroshova
5,Jhenaidah Sadar,Jhenaidah Pouroshova
6,Jhenaidah Sadar,Jhenaidah Pouroshova
7,Jhenaidah Sadar,Jhenaidah Pouroshova
8,Jhenaidah Sadar,Jhenaidah Pouroshova
9,Jhenaidah Sadar,Jhenaidah Pouroshova
10,Jhenaidah Sadar,Jhenaidah Pouroshova
11,Jhenaidah Sadar,Jhenaidah Pouroshova
12,Jhenaidah Sadar,Jhenaidah Pouroshova
13,Jhenaidah Sadar,Jhenaidah Pouroshova
14,Jhenaidah Sadar,Jhenaidah Pouroshova
15,Jhenaidah Sadar,Jhenaidah Pouroshova
16,Jhenaidah Sadar,Jhenaidah Pouroshova
17,Jhenaidah Sadar,Jhenaidah Pouroshova
18,Jhenaidah Sadar,Jhenaidah Pouroshova
19,Jhenaidah Sadar,Jhenaidah Pouroshova
20,Jhenaidah Sadar,Jhenaidah Pouroshova
21,Jhenaidah Sadar,Jhenaidah Pouroshova
22,Jhenaidah Sadar,Jhenaidah Pouroshova
23,Jhenaidah Sadar,Jhenaidah Pouroshova
24,Jhenaidah Sadar,Jhenaidah Pouroshova
25,Jhenaidah Sadar,Jhenaidah Pouroshova
26,Jhenaidah Sadar,Jhenaidah Pouroshova
27,Jhenaidah Sadar,Jhenaidah Pouroshova
28,Jhenaidah Sadar,Jhenaidah Pouroshova
29,Jhenaidah Sadar,Jhenaidah Pouroshova
30,Jhenaidah Sadar,Jhenaidah Pouroshova
31,Jhenaidah Sadar,Jhenaidah Pouroshova
32,Jhenaidah Sadar,Jhenaidah Pouroshova
33,Jhenaidah Sadar,Jhenaidah Pouroshova
34,Jhenaidah Sadar,Jhenaidah Pouroshova
35,Jhenaidah Sadar,Sadhuhati Union
36,Jhenaidah Sadar,Sadhuhati Union
37,Jhenaidah Sadar,Sadhuhati Union
38,Jhenaidah Sadar,Sadhuhati Union
39,Jhenaidah Sadar,Sadhuhati Union
40,Jhenaidah Sadar,Sadhuhati Union
41,Jhenaidah Sadar,Sadhuhati Union
42,Jhenaidah Sadar,Modhuhati Union
43,Jhenaidah Sadar,Modhuhati Union
44,Jhenaidah Sadar,Modhuhati Union
45,Jhenaidah Sadar,Modhuhati Union
46,Jhenaidah Sadar,Modhuhati Union
47,Jhenaidah Sadar,Modhuhati Union
48,Jhenaidah Sadar,Modhuhati Union
49,Jhenaidah Sadar,Modhuhati Union
50,Jhenaidah Sadar,Saganna Union
51,Jhenaidah Sadar,Saganna Union
52,Jhenaidah Sadar,Saganna Union
53,Jhenaidah Sadar,Saganna Union
54,Jhenaidah Sadar,Saganna Union
55,Jhenaidah Sadar,Saganna Union
56,Jhenaidah Sadar,Saganna Union
57,Jhenaidah Sadar,Halidhani Union
58,Jhenaidah Sadar,Halidhani Union
59,Jhenaidah Sadar,Halidhani Union
60,Jhenaidah Sadar,Halidhani Union
61,Jhenaidah Sadar,Halidhani Union
62,Jhenaidah Sadar,Halidhani Union
63,Jhenaidah Sadar,Kumrabaria Union
64,Jhenaidah Sadar,Kumrabaria Union
65,Jhenaidah Sadar,Kumrabaria Union
66,Jhenaidah Sadar,Kumrabaria Union
67,Jhenaidah Sadar,Kumrabaria Union
68,Jhenaidah Sadar,Kumrabaria Union
69,Jhenaidah Sadar,Kumrabaria Union
70,Jhenaidah Sadar,Ganna Union
71,Jhenaidah Sadar,Ganna Union
72,Jhenaidah Sadar,Ganna Union
73,Jhenaidah Sadar,Ganna Union
74,Jhenaidah Sadar,Ganna Union
75,Jhenaidah Sadar,Ganna Union
76,Jhenaidah Sadar,Ganna Union
77,Jhenaidah Sadar,Ganna Union
78,Jhenaidah Sadar,Ganna Union
79,Jhenaidah Sadar,Paglakanai Union
80,Jhenaidah Sadar,Paglakanai Union
81,Jhenaidah Sadar,Paglakanai Union
82,Jhenaidah Sadar,Paglakanai Union
83,Jhenaidah Sadar,Paglakanai Union
84,Jhenaidah Sadar,Paglakanai Union
85,Jhenaidah Sadar,Paglakanai Union
86,Jhenaidah Sadar,Porahati Union
87,Jhenaidah Sadar,Porahati Union
88,Jhenaidah Sadar,Porahati Union
89,Jhenaidah Sadar,Porahati Union
90,Jhenaidah Sadar,Porahati Union
91,Jhenaidah Sadar,Porahati Union
92,Jhenaidah Sadar,Porahati Union
93,Jhenaidah Sadar,Porahati Union
94,Jhenaidah Sadar,Harishongkorpur Union
95,Jhenaidah Sadar,Harishongkorpur Union
96,Jhenaidah Sadar,Harishongkorpur Union
97,Jhenaidah Sadar,Harishongkorpur Union
98,Jhenaidah Sadar,Harishongkorpur Union
99,Jhenaidah Sadar,Harishongkorpur Union
100,Jhenaidah Sadar,Padmakar Union
101,Jhenaidah Sadar,Padmakar Union
102,Jhenaidah Sadar,Padmakar Union
103,Jhenaidah Sadar,Padmakar Union
104,Jhenaidah Sadar,Padmakar Union
105,Jhenaidah Sadar,Padmakar Union
106,Jhenaidah Sadar,Padmakar Union
107,Jhenaidah Sadar,Dogachi Union
108,Jhenaidah Sadar,Dogachi Union
109,Jhenaidah Sadar,Dogachi Union
110,Jhenaidah Sadar,Dogachi Union
111,Jhenaidah Sadar,Kalicharanpur Union
112,Jhenaidah Sadar,Kalicharanpur Union
113,Jhenaidah Sadar,Kalicharanpur Union
114,Jhenaidah Sadar,Kalicharanpur Union
115,Jhenaidah Sadar,Surat Union
116,Jhenaidah Sadar,Surat Union
117,Jhenaidah Sadar,Surat Union
118,Jhenaidah Sadar,Surat Union
119,Jhenaidah Sadar,Surat Union
120,Jhenaidah Sadar,Surat Union
121,Harinakunda,Harinakundu Pouroshova
122,Harinakunda,Harinakundu Pouroshova
123,Harinakunda,Harinakundu Pouroshova
124,Harinakunda,Harinakundu Pouroshova
125,Harinakunda,Harinakundu Pouroshova
126,Harinakunda,Harinakundu Pouroshova
127,Harinakunda,Harinakundu Pouroshova
128,Harinakunda,Harinakundu Pouroshova
129,Harinakunda,Bhayna Union
130,Harinakunda,Bhayna Union
131,Harinakunda,Bhayna Union
132,Harinakunda,Bhayna Union
133,Harinakunda,Bhayna Union
134,Harinakunda,Bhayna Union
135,Harinakunda,Bhayna Union
136,Harinakunda,Joradah Union
137,Harinakunda,Joradah Union
138,Harinakunda,Joradah Union
139,Harinakunda,Joradah Union
140,Harinakunda,Taherhuda Union
141,Harinakunda,Taherhuda Union
142,Harinakunda,Taherhuda Union
143,Harinakunda,Taherhuda Union
144,Harinakunda,Taherhuda Union
145,Harinakunda,Taherhuda Union
146,Harinakunda,Taherhuda Union
147,Harinakunda,Taherhuda Union
148,Harinakunda,Daulatpur Union
149,Harinakunda,Daulatpur Union
150,Harinakunda,Daulatpur Union
151,Harinakunda,Daulatpur Union
152,Harinakunda,Daulatpur Union
153,Harinakunda,Daulatpur Union
154,Harinakunda,Daulatpur Union
155,Harinakunda,Daulatpur Union
156,Harinakunda,Daulatpur Union
157,Harinakunda,Kapashatia Union
158,Harinakunda,Kapashatia Union
159,Harinakunda,Kapashatia Union
160,Harinakunda,Kapashatia Union
161,Harinakunda,Kapashatia Union
162,Harinakunda,Kapashatia Union
163,Harinakunda,Kapashatia Union
164,Harinakunda,Falsi Union
165,Harinakunda,Falsi Union
166,Harinakunda,Falsi Union
167,Harinakunda,Falsi Union
168,Harinakunda,Falsi Union
169,Harinakunda,Raghunathpur Union
170,Harinakunda,Raghunathpur Union
171,Harinakunda,Raghunathpur Union
172,Harinakunda,Raghunathpur Union
173,Harinakunda,Raghunathpur Union
174,Harinakunda,Raghunathpur Union
175,Harinakunda,Raghunathpur Union
176,Harinakunda,Raghunathpur Union
177,Harinakunda,Chandpur Union
178,Harinakunda,Chandpur Union
179,Harinakunda,Chandpur Union
180,Harinakunda,Chandpur Union
181,Harinakunda,Chandpur Union
182,Harinakunda,Chandpur Union
183,Harinakunda,Chandpur Union
184,Harinakunda,Chandpur Union
185,Harinakunda,Chandpur Union